{"trades":[],"lastCheckTimestamp":1747896330899,"initialBalance":1.004956,"currentBalance":1.004956}