{
  "initialBalance": 1.53442,
  "dailyROI": 1070,
  "day1": 17.131799299999997,
  "day2": 191.27653918449997,
  "day3": 2135.6025599949417,
  "day7": 33186033.130028833,
  "day15": 8013553886902413,
  "day30": 4.185102246991616e+31
}